Timestep,Sector,Num CellSmutans,OccupiedSpace CellSmutans,Target CellSmutans,Num CellSmitis,OccupiedSpace CellSmitis,Target CellSmitis,Num Macromoleculeahl,OccupiedSpace Macromoleculeahl,Diffusion Rate Macromoleculeahl,Target Macromoleculeahl,EmptySpace Sector
40,0,0.0,0.0,0.0,0.0,0.0,0.0,0.0002007226013649137,0.00020072260136491372,0.0,0.0,0.9999999981302494
40,1,0.0,0.0,0.0,0.0,0.0,0.0,0.0,0.0,0.0,0.0,1.0
40,2,0.0,0.0,0.0,0.0,0.0,0.0,0.0,0.0,0.0,0.0,1.0
40,3,0.0,0.0,0.0,0.0,0.0,0.0,0.0,0.0,0.0,0.0,1.0
40,4,1.0,1.0,0.0,0.0,0.0,0.0,0.15114411882778,0.15114411882778003,0.0,0.0,0.8037680211074303
40,5,0.0,0.0,0.0,1.0,1.0,0.0,0.0,0.0,0.0,0.0,0.19623958132709163
40,6,0.0,0.0,0.0,0.0,0.0,0.0,0.0006021678040947411,0.0006021678040947411,0.0,0.0,0.9999999943907198
40,7,0.0,0.0,0.0,0.0,0.0,0.0,0.0,0.0,0.0,0.0,1.0
