Timestep,Sector,Num CellSmutans,OccupiedSpace CellSmutans,Target CellSmutans,Num CellSmitis,OccupiedSpace CellSmitis,Target CellSmitis,Num Macromoleculeahl,OccupiedSpace Macromoleculeahl,Diffusion Rate Macromoleculeahl,Target Macromoleculeahl,EmptySpace Sector
10,0,7,3.665191429188092,0,11,23.591266433356957,0,34595,0.00017259595060374115,1.0,0,2165.5308695415047
10,1,10,5.235987755982988,0,10,21.446605848506323,0,48128,0.00024011267265954195,1.0,0,2166.1046662828385
10,2,4,2.0943951023931953,0,9,19.301945263655693,0,17403,8.68243193628243e-05,1.0,0,2171.391072809632
10,3,4,2.0943951023931953,0,6,12.867963509103795,0,23618,0.00011783122304839307,1.0,0,2177.8250235572805
10,4,7,3.665191429188092,0,6,12.867963509103795,0,35560,0.00017741037732241753,1.0,0,2176.254167651331
10,5,5,2.617993877991494,0,2,4.289321169701265,0,24315,0.00012130858618095001,1.0,0,2185.8800636437213
10,6,7,3.665191429188092,0,6,12.867963509103795,0,33674,0.00016800104178726346,1.0,0,2176.2541770606667
10,7,6,3.141592653589793,0,0,0.0,0,31198,0.00015564817074535385,1.0,0,2189.64575169824
