Timestep,Sector,Num CellSmutans,OccupiedSpace CellSmutans,Target CellSmutans,Num CellSmitis,OccupiedSpace CellSmitis,Target CellSmitis,Num Macromoleculeahl,OccupiedSpace Macromoleculeahl,Diffusion Rate Macromoleculeahl,Target Macromoleculeahl,EmptySpace Sector
40,0,0,0.0,0,0,0.0,0,1,4.98904323178902e-09,1.0,0,458.78749999501093
40,1,0,0.0,0,0,0.0,0,0,0.0,1.0,0,458.78749999999997
40,2,0,0.0,0,0,0.0,0,0,0.0,1.0,0,458.78749999999997
40,3,0,0.0,0,0,0.0,0,0,0.0,1.0,0,458.78749999999997
40,4,1,0.5235987755982988,0,0,0.0,0,753,3.756749553537132e-06,1.0,0,458.2638974676521
40,5,0,0.0,0,1,2.1446605848506324,0,0,0.0,1.0,0,456.64283941514935
40,6,0,0.0,0,0,0.0,0,3,1.4967129695367058e-08,1.0,0,458.7874999850328
40,7,0,0.0,0,0,0.0,0,0,0.0,1.0,0,458.78749999999997
